SOC,OCV
0.1997,3.40248
0.2,3.40669
0.2002,3.40802
0.2005,3.41102
0.2008,3.41413
0.2011,3.4158
0.2013,3.41702
0.2016,3.42013
0.2019,3.42113
0.2022,3.42191
0.2025,3.42313
0.2027,3.42402
0.203,3.42602
0.2033,3.42735
0.2036,3.42702
0.2038,3.42891
0.2041,3.43035
0.2044,3.43091
0.2047,3.43424
0.2049,3.43491
0.2052,3.43602
0.2055,3.43502
0.2058,3.43602
0.2061,3.4378
0.2063,3.43802
0.2066,3.43924
0.2069,3.43902
0.2072,3.44002
0.2074,3.4408
0.2077,3.44102
0.208,3.44213
0.2083,3.44191
0.2085,3.44302
0.2088,3.44402
0.2091,3.44491
0.2094,3.44602
0.2097,3.44713
0.21,3.4488
0.2103,3.44902
0.2105,3.44802
0.2108,3.44991
0.2111,3.45013
0.2114,3.45113
0.2117,3.45213
0.2119,3.45313
0.2122,3.45313
0.2125,3.45413
0.2128,3.45502
0.213,3.45402
0.2133,3.45491
0.2136,3.45613
0.2139,3.45602
0.2141,3.45613
0.2144,3.45713
0.2147,3.45791
0.215,3.45902
0.2152,3.4598
0.2155,3.46002
0.2158,3.46002
0.2161,3.46013
0.2164,3.46102
0.2166,3.46113
0.2169,3.46202
0.2172,3.46191
0.2175,3.46291
0.2177,3.46413
0.218,3.4648
0.2183,3.46613
0.2186,3.46691
0.2188,3.46702
0.2191,3.46813
0.2194,3.46713
0.2197,3.46713
0.2199,3.46791
0.2202,3.46813
0.2205,3.46913
0.2208,3.46902
0.2211,3.46913
0.2213,3.47013
0.2216,3.46991
0.2219,3.47102
0.2222,3.47102
0.2224,3.47202
0.2227,3.47191
0.223,3.47202
0.2233,3.47291
0.2235,3.47324
0.2238,3.47302
0.2242,3.47313
0.2244,3.47302
0.2247,3.47413
0.225,3.47413
0.2253,3.47402
0.2255,3.47502
0.2258,3.47491
0.2261,3.47491
0.2264,3.47602
0.2267,3.47802
0.2269,3.47691
0.2272,3.47791
0.2275,3.47824
0.2278,3.47902
0.228,3.47891
0.2283,3.47913
0.2286,3.48002
0.2289,3.47991
0.2291,3.48102
0.2294,3.48013
0.2297,3.48091
0.23,3.48102
0.2303,3.48091
0.2305,3.48091
0.2308,3.48213
0.2311,3.48202
0.2314,3.48213
0.2316,3.48302
0.2319,3.48302
0.2322,3.48391
0.2325,3.4838
0.2327,3.48491
0.233,3.48502
0.2333,3.48535
0.2336,3.48502
0.2338,3.48624
0.2341,3.48613
0.2344,3.48602
0.2347,3.48613
0.235,3.48602
0.2352,3.48613
0.2355,3.48602
0.2358,3.48602
0.2361,3.48624
0.2363,3.48691
0.2366,3.48702
0.2369,3.48813
0.2372,3.48802
0.2374,3.48824
0.2377,3.48802
0.238,3.48913
0.2383,3.48902
0.2385,3.48902
0.2388,3.48924
0.2391,3.49002
0.2394,3.49013
0.2397,3.4908
0.24,3.49013
0.2403,3.49113
0.2406,3.49102
0.2408,3.49213
0.2411,3.49102
0.2414,3.49213
0.2417,3.49202
0.2419,3.49202
0.2422,3.49302
0.2425,3.49213
0.2428,3.49302
0.243,3.49191
0.2433,3.49324
0.2436,3.49391
0.2439,3.49391
0.2441,3.49491
0.2444,3.49602
0.2447,3.49502
0.245,3.49602
0.2453,3.49613
0.2455,3.49669
0.2458,3.49713
0.2461,3.49702
0.2464,3.49824
0.2466,3.49802
0.2469,3.49802
0.2472,3.49891
0.2475,3.49802
0.2477,3.49813
0.248,3.49913
0.2483,3.49902
0.2486,3.49869
0.2488,3.49913
0.2491,3.49891
0.2494,3.49902
0.2497,3.49913
0.25,3.50002
0.2502,3.50013
0.2505,3.49991
0.2508,3.50002
0.2511,3.49991
0.2513,3.50102
0.2516,3.50102
0.2519,3.50102
0.2522,3.50213
0.2524,3.50213
0.2527,3.50202
0.253,3.50213
0.2533,3.50291
0.2535,3.50302
0.2538,3.50313
0.2542,3.5028
0.2544,3.50324
0.2547,3.50302
0.255,3.50302
0.2553,3.50313
0.2556,3.50402
0.2558,3.50402
0.2561,3.50413
0.2564,3.50502
0.2567,3.50402
0.2569,3.50424
0.2572,3.50513
0.2575,3.50491
0.2578,3.50491
0.258,3.50513
0.2583,3.50591
0.2586,3.50613
0.2589,3.50602
0.2591,3.50602
0.2594,3.50702
0.2597,3.50713
0.26,3.50802
0.2603,3.50802
0.2605,3.50902
0.2608,3.50891
0.2611,3.50991
0.2614,3.50913
0.2616,3.50991
0.2619,3.51013
0.2622,3.51113
0.2625,3.51013
0.2627,3.51113
0.263,3.51024
0.2633,3.51091
0.2636,3.5108
0.2639,3.51102
0.2641,3.51013
0.2644,3.51091
0.2647,3.51113
0.265,3.51102
0.2652,3.51091
0.2655,3.51202
0.2658,3.51213
0.2661,3.51291
0.2663,3.51313
0.2666,3.51302
0.2669,3.51302
0.2672,3.51402
0.2674,3.51491
0.2677,3.51424
0.268,3.51502
0.2683,3.51491
0.2686,3.51591
0.2688,3.51591
0.2691,3.51602
0.2695,3.51602
0.2697,3.51702
0.27,3.51702
0.2703,3.51602
0.2706,3.51702
0.2708,3.51724
0.2711,3.51702
0.2714,3.51713
0.2717,3.5168
0.2719,3.5168
0.2722,3.51702
0.2725,3.51702
0.2728,3.51724
0.273,3.51802
0.2733,3.51791
0.2736,3.51802
0.2739,3.51802
0.2742,3.51802
0.2744,3.51813
0.2747,3.51791
0.275,3.51813
0.2753,3.51902
0.2755,3.5188
0.2758,3.51913
0.2761,3.51902
0.2764,3.52013
0.2766,3.51991
0.2769,3.52102
0.2772,3.52102
0.2775,3.52002
0.2777,3.52113
0.278,3.52091
0.2783,3.52224
0.2786,3.52102
0.2789,3.52213
0.2791,3.52213
0.2794,3.5218
0.2797,3.52202
0.28,3.52213
0.2802,3.52202
0.2805,3.52313
0.2808,3.5228
0.2811,3.52302
0.2813,3.52291
0.2816,3.52413
0.2819,3.52391
0.2822,3.52402
0.2825,3.52402
0.2827,3.5238
0.283,3.52502
0.2833,3.52524
0.2836,3.52491
0.2838,3.52602
0.2842,3.52602
0.2845,3.52691
0.2847,3.52702
0.285,3.52702
0.2853,3.52802
0.2856,3.52802
0.2858,3.52913
0.2861,3.52891
0.2864,3.52913
0.2867,3.52891
0.2869,3.52902
0.2872,3.53002
0.2875,3.52991
0.2878,3.53002
0.2881,3.53013
0.2883,3.53102
0.2886,3.53002
0.2889,3.53091
0.2892,3.53113
0.2894,3.53113
0.2897,3.53091
0.29,3.53113
0.2903,3.53091
0.2905,3.53202
0.2908,3.53091
0.2911,3.53091
0.2914,3.53313
0.2916,3.5318
0.2919,3.53213
0.2922,3.53302
0.2925,3.53302
0.2928,3.53302
0.293,3.53402
0.2933,3.53435
0.2936,3.53391
0.2939,3.53413
0.2941,3.53391
0.2944,3.53358
0.2947,3.53513
0.295,3.53502
0.2952,3.53502
0.2955,3.53513
0.2958,3.53502
0.2961,3.53524
0.2963,3.53502
0.2966,3.53624
0.2969,3.53491
0.2972,3.53502
0.2975,3.53513
0.2977,3.5358
0.298,3.53602
0.2983,3.53602
0.2986,3.53602
0.2988,3.53613
0.2992,3.53702
0.2995,3.53713
0.2997,3.53691
0.3,3.53691
0.3003,3.53724
0.3006,3.53702
0.3008,3.53813
0.3011,3.53791
0.3014,3.53802
0.3017,3.53913
0.3019,3.53902
0.3022,3.53913
0.3025,3.53913
0.3028,3.54102
0.3031,3.54202
0.3033,3.54113
0.3036,3.54213
0.3039,3.54202
0.3042,3.54213
0.3044,3.54191
0.3047,3.54202
0.305,3.54313
0.3053,3.54224
0.3055,3.54324
0.3058,3.54191
0.3061,3.54302
0.3064,3.54302
0.3067,3.54402
0.3069,3.54302
0.3072,3.54391
0.3075,3.54413
0.3078,3.54513
0.308,3.54302
0.3083,3.54402
0.3086,3.54502
0.3089,3.54491
0.3091,3.54513
0.3094,3.54613
0.3097,3.54602
0.31,3.54602
0.3102,3.54702
0.3105,3.54702
0.3108,3.54602
0.3111,3.54791
0.3114,3.54691
0.3116,3.5478
0.3119,3.54802
0.3122,3.54791
0.3125,3.54791
0.3127,3.54802
0.313,3.54813
0.3134,3.54902
0.3136,3.54902
0.3139,3.5488
0.3142,3.54902
0.3145,3.54891
0.3147,3.54991
0.315,3.55013
0.3153,3.55002
0.3156,3.54991
0.3158,3.55024
0.3161,3.55013
0.3164,3.55002
0.3167,3.55013
0.317,3.54991
0.3172,3.55002
0.3175,3.55102
0.3178,3.55124
0.3181,3.5508
0.3183,3.55102
0.3186,3.55202
0.3189,3.55113
0.3192,3.55202
0.3194,3.55213
0.3197,3.55202
0.32,3.55313
0.3203,3.55191
0.3205,3.55213
0.3208,3.55213
0.3211,3.55402
0.3214,3.55313
0.3217,3.55413
0.3219,3.55402
0.3222,3.55402
0.3225,3.55502
0.3228,3.55413
0.323,3.5538
0.3233,3.55491
0.3236,3.55591
0.3239,3.55502
0.3241,3.55524
0.3244,3.55491
0.3247,3.55602
0.325,3.55602
0.3253,3.55591
0.3255,3.55702
0.3258,3.5568
0.3261,3.55713
0.3264,3.55802
0.3266,3.55824
0.327,3.55813
0.3273,3.55913
0.3275,3.55902
0.3278,3.55924
0.3281,3.56002
0.3284,3.56002
0.3286,3.56002
0.3289,3.56113
0.3292,3.56091
0.3295,3.56102
0.3297,3.56013
0.33,3.56102
0.3303,3.56102
0.3306,3.56091
0.3309,3.56191
0.3311,3.56202
0.3314,3.56213
0.3317,3.56291
0.332,3.56202
0.3322,3.56202
0.3325,3.56302
0.3328,3.56313
0.3331,3.56291
0.3333,3.56291
0.3336,3.56291
0.3339,3.56313
0.3342,3.56391
0.3344,3.56402
0.3347,3.56491
0.335,3.56524
0.3353,3.56502
0.3356,3.56502
0.3358,3.56602
0.3361,3.56635
0.3364,3.56602
0.3367,3.56613
0.3369,3.56602
0.3372,3.56613
0.3375,3.56691
0.3378,3.56602
0.338,3.5668
0.3383,3.56602
0.3386,3.56724
0.3389,3.56724
0.3391,3.56791
0.3394,3.56702
0.3397,3.5678
0.34,3.56713
0.3403,3.56802
0.3405,3.56802
0.3409,3.56802
0.3412,3.56802
0.3414,3.56813
0.3417,3.5688
0.342,3.56913
0.3423,3.56902
0.3425,3.56913
0.3428,3.57002
0.3431,3.57002
0.3434,3.57002
0.3436,3.57113
0.3439,3.57202
0.3442,3.57124
0.3445,3.57102
0.3447,3.57124
0.345,3.57169
0.3453,3.57191
0.3456,3.57213
0.3459,3.57302
0.3461,3.57202
0.3464,3.57224
0.3467,3.57313
0.347,3.57213
0.3472,3.57302
0.3475,3.57402
0.3478,3.57402
0.3481,3.57402
0.3483,3.57313
0.3486,3.57391
0.3489,3.57402
0.3492,3.57513
0.3494,3.57602
0.3497,3.57502
0.35,3.57502
0.3503,3.57513
0.3506,3.57613
0.3508,3.57702
0.3511,3.57691
0.3514,3.57702
0.3517,3.57702
0.3519,3.57813
0.3522,3.57902
0.3525,3.57891
0.3528,3.57913
0.353,3.57824
0.3533,3.57769
0.3536,3.57991
0.3539,3.57913
0.3542,3.57913
0.3544,3.57913
0.3547,3.57924
0.355,3.58002
0.3553,3.57913
0.3556,3.57991
0.3559,3.57991
0.3562,3.58002
0.3564,3.5798
0.3567,3.58113
0.357,3.58113
0.3573,3.58091
0.3575,3.58102
0.3578,3.58091
0.3581,3.58102
0.3584,3.58124
0.3586,3.58202
0.3589,3.58213
0.3592,3.58202
0.3595,3.58202
0.3598,3.58191
0.36,3.58202
0.3603,3.5818
0.3606,3.58302
0.3609,3.5828
0.3611,3.58302
0.3614,3.58313
0.3617,3.58313
0.362,3.58302
0.3622,3.58302
0.3625,3.58413
0.3628,3.58413
0.3631,3.58402
0.3633,3.58424
0.3636,3.58524
0.3639,3.58502
0.3642,3.58513
0.3645,3.58513
0.3647,3.58624
0.365,3.58602
0.3653,3.58624
0.3656,3.58602
0.3658,3.58602
0.3661,3.58613
0.3664,3.58702
0.3667,3.58613
0.3669,3.58713
0.3672,3.58702
0.3675,3.58702
0.3678,3.58691
0.368,3.58702
0.3683,3.58702
0.3686,3.58813
0.3689,3.58713
0.3692,3.58802
0.3695,3.58802
0.3698,3.58813
0.3701,3.58813
0.3703,3.58924
0.3706,3.58902
0.3709,3.58913
0.3712,3.59002
0.3714,3.59113
0.3717,3.59091
0.372,3.59202
0.3723,3.59202
0.3725,3.59224
0.3728,3.59213
0.3731,3.59302
0.3734,3.59302
0.3736,3.59302
0.3739,3.59391
0.3742,3.59291
0.3745,3.59313
0.3748,3.59402
0.375,3.59302
0.3753,3.59402
0.3756,3.59413
0.3759,3.59413
0.3761,3.59413
0.3764,3.59391
0.3767,3.59402
0.377,3.59391
0.3772,3.59491
0.3775,3.59502
0.3778,3.59524
0.3781,3.59513
0.3783,3.59602
0.3786,3.59713
0.3789,3.59602
0.3792,3.59613
0.3795,3.59713
0.3797,3.59724
0.38,3.59713
0.3803,3.59713
0.3806,3.5978
0.3808,3.59713
0.3811,3.5978
0.3814,3.59835
0.3817,3.59802
0.3819,3.59802
0.3822,3.59913
0.3825,3.59869
0.3828,3.59913
0.383,3.5988
0.3833,3.59913
0.3836,3.59902
0.3839,3.59913
0.3842,3.60002
0.3845,3.59902
0.3848,3.59924
0.3851,3.59991
0.3853,3.60002
0.3856,3.60013
0.3859,3.60113
0.3862,3.60013
0.3864,3.59991
0.3867,3.60002
0.387,3.60013
0.3873,3.60091
0.3875,3.60124
0.3878,3.60202
0.3881,3.60202
0.3884,3.60202
0.3886,3.60191
0.3889,3.60302
0.3892,3.60302
0.3895,3.60313
0.3898,3.60324
0.39,3.60402
0.3903,3.60446
0.3906,3.60413
0.3909,3.6048
0.3911,3.60402
0.3914,3.60424
0.3917,3.60491
0.392,3.60413
0.3922,3.60502
0.3925,3.60491
0.3928,3.60591
0.3931,3.60602
0.3933,3.60602
0.3936,3.60591
0.3939,3.60613
0.3942,3.60613
0.3945,3.60691
0.3947,3.60702
0.395,3.60724
0.3953,3.60713
0.3956,3.60713
0.3958,3.60702
0.3961,3.60702
0.3964,3.60902
0.3967,3.60902
0.3969,3.60913
0.3972,3.60891
0.3975,3.61002
0.3978,3.60991
0.3981,3.61002
0.3983,3.61102
0.3986,3.61102
0.3989,3.61102
0.3992,3.61202
0.3995,3.61113
0.3998,3.61113
0.4001,3.6118
0.4003,3.61213
0.4006,3.61091
0.4009,3.61224
0.4012,3.61202
0.4014,3.61213
0.4017,3.61291
0.402,3.61202
0.4023,3.61302
0.4025,3.61313
0.4028,3.61302
0.4031,3.61291
0.4034,3.61313
0.4037,3.61291
0.4039,3.61291
0.4042,3.61313
0.4045,3.61313
0.4048,3.61402
0.405,3.61391
0.4053,3.61435
0.4056,3.61402
0.4059,3.6138
0.4061,3.61502
0.4064,3.61502
0.4067,3.61513
0.407,3.61513
0.4072,3.61502
0.4075,3.61502
0.4078,3.61591
0.4081,3.61702
0.4084,3.61613
0.4086,3.61713
0.4089,3.61702
0.4092,3.61602
0.4095,3.61713
0.4097,3.61691
0.41,3.61702
0.4103,3.61702
0.4106,3.61691
0.4108,3.61802
0.4111,3.61724
0.4114,3.61713
0.4117,3.61813
0.4119,3.61813
0.4122,3.61813
0.4125,3.61791
0.4128,3.61791
0.4131,3.61813
0.4133,3.61813
0.4136,3.61813
0.4139,3.6188
0.4142,3.61891
0.4145,3.61902
0.4148,3.62002
0.4151,3.62002
0.4153,3.62013
0.4156,3.62013
0.4159,3.62102
0.4162,3.62113
0.4164,3.62213
0.4167,3.62302
0.417,3.62291
0.4173,3.62213
0.4175,3.62291
0.4178,3.62313
0.4181,3.62313
0.4184,3.62402
0.4187,3.62413
0.4189,3.62402
0.4192,3.62391
0.4195,3.62491
0.4198,3.62402
0.42,3.62391
0.4203,3.62502
0.4206,3.62502
0.4209,3.62513
0.4211,3.62502
0.4214,3.62502
0.4217,3.62502
0.422,3.62491
0.4222,3.62502
0.4225,3.62502
0.4228,3.62602
0.4231,3.62502
0.4234,3.62713
0.4236,3.62613
0.4239,3.62702
0.4242,3.62702
0.4245,3.62724
0.4247,3.62791
0.425,3.62813
0.4253,3.62802
0.4256,3.62902
0.4258,3.62891
0.4261,3.62902
0.4264,3.62891
0.4267,3.62913
0.427,3.62891
0.4272,3.62913
0.4275,3.63002
0.4278,3.62913
0.4281,3.63013
0.4283,3.63002
0.4286,3.63013
0.4289,3.63002
0.4292,3.63013
0.4294,3.63013
0.4298,3.63002
0.4301,3.62991
0.4303,3.63102
0.4306,3.63091
0.4309,3.63102
0.4312,3.63113
0.4314,3.63124
0.4317,3.63091
0.432,3.63113
0.4323,3.63102
0.4325,3.63202
0.4328,3.63213
0.4331,3.63213
0.4334,3.63202
0.4337,3.63302
0.4339,3.63402
0.4342,3.63313
0.4345,3.63424
0.4348,3.63402
0.435,3.63413
0.4353,3.63402
0.4356,3.63502
0.4359,3.63602
0.4361,3.63513
0.4364,3.63502
0.4367,3.63502
0.437,3.63513
0.4373,3.63524
0.4375,3.63602
0.4378,3.63513
0.4381,3.63513
0.4384,3.63591
0.4386,3.63613
0.4389,3.63713
0.4392,3.63702
0.4395,3.63624
0.4397,3.63713
0.44,3.63691
0.4403,3.63702
0.4406,3.63791
0.4408,3.63802
0.4411,3.6388
0.4414,3.63813
0.4417,3.63991
0.442,3.64002
0.4422,3.64024
0.4425,3.64102
0.4428,3.6408
0.4431,3.64113
0.4433,3.64102
0.4436,3.64202
0.4439,3.6418
0.4442,3.64202
0.4444,3.64191
0.4447,3.64313
0.445,3.64235
0.4453,3.64313
0.4456,3.64302
0.4459,3.64313
0.4462,3.6428
0.4464,3.64324
0.4467,3.64291
0.447,3.64324
0.4473,3.64313
0.4476,3.64302
0.4478,3.64391
0.4481,3.64413
0.4484,3.64424
0.4487,3.64402
0.4489,3.64402
0.4492,3.64391
0.4495,3.64513
0.4498,3.64524
0.45,3.64602
0.4503,3.64613
0.4506,3.64624
0.4509,3.64591
0.4511,3.64613
0.4514,3.64691
0.4517,3.64713
0.452,3.64702
0.4523,3.64702
0.4525,3.64702
0.4528,3.64724
0.4531,3.64813
0.4534,3.64802
0.4536,3.64802
0.4539,3.64802
0.4542,3.64791
0.4545,3.64813
0.4547,3.6478
0.455,3.64802
0.4553,3.64924
0.4556,3.64913
0.4558,3.64891
0.4561,3.64913
0.4564,3.64902
0.4567,3.64902
0.457,3.6498
0.4572,3.64913
0.4575,3.65002
0.4578,3.65024
0.4581,3.65113
0.4583,3.6508
0.4586,3.65202
0.4589,3.65313
0.4592,3.65224
0.4594,3.65402
0.4597,3.6538
0.46,3.65413
0.4603,3.65513
0.4606,3.65502
0.4609,3.65413
0.4612,3.65502
0.4614,3.65502
0.4617,3.65513
0.462,3.65491
0.4623,3.65491
0.4626,3.65613
0.4628,3.65591
0.4631,3.65602
0.4634,3.65602
0.4637,3.6558
0.4639,3.65602
0.4642,3.65591
0.4645,3.65635
0.4648,3.65702
0.465,3.65702
0.4653,3.65613
0.4656,3.65691
0.4659,3.65802
0.4661,3.65713
0.4664,3.65813
0.4667,3.65891
0.467,3.65891
0.4673,3.65902
0.4675,3.66002
0.4678,3.66002
0.4681,3.66002
0.4684,3.66013
0.4686,3.66002
0.4689,3.66091
0.4692,3.66102
0.4695,3.66113
0.4697,3.66113
0.47,3.66102
0.4703,3.66124
0.4706,3.66191
0.4709,3.66102
0.4711,3.66191
0.4714,3.66213
0.4717,3.6618
0.472,3.66224
0.4722,3.6618
0.4725,3.66191
0.4728,3.66202
0.4731,3.66224
0.4733,3.66191
0.4736,3.66291
0.4739,3.66302
0.4742,3.66302
0.4744,3.66313
0.4747,3.66291
0.4751,3.66391
0.4753,3.66402
0.4756,3.66402
0.4759,3.66413
0.4762,3.66391
0.4765,3.6648
0.4767,3.66513
0.477,3.66491
0.4773,3.66602
0.4776,3.66502
0.4778,3.66591
0.4781,3.66702
0.4784,3.66691
0.4787,3.66724
0.4789,3.6668
0.4792,3.66735
0.4795,3.66802
0.4798,3.66691
0.48,3.66713
0.4803,3.66813
0.4806,3.66913
0.4809,3.66813
0.4812,3.66802
0.4814,3.66802
0.4817,3.66913
0.482,3.66902
0.4823,3.66924
0.4825,3.67013
0.4828,3.66991
0.4831,3.67002
0.4834,3.67102
0.4836,3.67202
0.4839,3.67191
0.4842,3.67291
0.4845,3.67291
0.4847,3.67313
0.485,3.67435
0.4853,3.6738
0.4856,3.67402
0.4859,3.67391
0.4861,3.67524
0.4864,3.67513
0.4867,3.67413
0.487,3.67391
0.4872,3.67413
0.4875,3.67491
0.4878,3.67502
0.4881,3.67502
0.4883,3.67491
0.4886,3.67624
0.4889,3.6758
0.4892,3.67591
0.4895,3.67635
0.4898,3.67591
0.4901,3.67713
0.4903,3.67691
0.4906,3.67713
0.4909,3.67713
0.4912,3.67802
0.4915,3.67802
0.4917,3.67791
0.492,3.67891
0.4923,3.67891
0.4926,3.67891
0.4928,3.67913
0.4931,3.67902
0.4934,3.67902
0.4937,3.67913
0.4939,3.67891
0.4942,3.6798
0.4945,3.68002
0.4948,3.68002
0.4951,3.68002
0.4953,3.68013
0.4956,3.68002
0.4959,3.6808
0.4962,3.68102
0.4964,3.68102
0.4967,3.6808
0.497,3.68113
0.4973,3.68091
0.4975,3.68191
0.4978,3.68191
0.4981,3.68202
0.4984,3.68313
0.4986,3.68302
0.4989,3.68402
0.4992,3.68491
0.4995,3.68513
0.4998,3.68591
0.5,3.68524
0.5003,3.68602
0.5006,3.68691
0.5009,3.68613
0.5011,3.68691
0.5014,3.68691
0.5017,3.68602
0.502,3.68713
0.5022,3.68702
0.5025,3.68791
0.5028,3.68702
0.5031,3.68802
0.5033,3.68802
0.5037,3.68891
0.504,3.68913
0.5042,3.68902
0.5045,3.69013
0.5048,3.68902
0.5051,3.69013
0.5054,3.69013
0.5056,3.69002
0.5059,3.6898
0.5062,3.69102
0.5065,3.69124
0.5067,3.69202
0.507,3.69213
0.5073,3.69202
0.5076,3.69191
0.5078,3.69213
0.5081,3.69202
0.5084,3.69313
0.5087,3.69313
0.5089,3.69313
0.5092,3.69313
0.5095,3.69291
0.5098,3.69302
0.5101,3.69313
0.5103,3.69402
0.5106,3.69402
0.5109,3.69402
0.5112,3.69402
0.5114,3.69513
0.5117,3.69513
0.512,3.69502
0.5123,3.69502
0.5125,3.6958
0.5128,3.69524
0.5131,3.69591
0.5134,3.69602
0.5137,3.69602
0.5139,3.69702
0.5142,3.69691
0.5145,3.69702
0.5148,3.69791
0.515,3.69702
0.5153,3.69802
0.5156,3.6978
0.5159,3.69813
0.5161,3.69791
0.5164,3.69802
0.5167,3.69902
0.517,3.70013
0.5172,3.6988
0.5176,3.70002
0.5179,3.69924
0.5181,3.70002
0.5184,3.70091
0.5187,3.70091
0.519,3.70124
0.5193,3.70191
0.5195,3.70302
0.5198,3.70291
0.5201,3.70324
0.5204,3.70402
0.5206,3.70391
0.5209,3.70402
0.5212,3.70491
0.5215,3.70502
0.5217,3.70591
0.522,3.70624
0.5223,3.70591
0.5226,3.70613
0.5228,3.70613
0.5231,3.70591
0.5234,3.70602
0.5237,3.70602
0.524,3.70669
0.5242,3.70713
0.5245,3.70691
0.5248,3.70691
0.5251,3.70702
0.5253,3.70713
0.5256,3.70813
0.5259,3.70802
0.5262,3.70791
0.5264,3.7088
0.5267,3.70924
0.527,3.71002
0.5273,3.70991
0.5276,3.7098
0.5278,3.71002
0.5281,3.71002
0.5284,3.71013
0.5287,3.71013
0.5289,3.71091
0.5292,3.71102
0.5295,3.71135
0.5298,3.7108
0.53,3.71113
0.5303,3.71213
0.5306,3.71124
0.5309,3.71313
0.5311,3.71191
0.5315,3.71202
0.5318,3.71313
0.532,3.71313
0.5323,3.71324
0.5326,3.71413
0.5329,3.71602
0.5331,3.71491
0.5334,3.71602
0.5337,3.71602
0.534,3.71702
0.5343,3.71602
0.5345,3.71691
0.5348,3.71713
0.5351,3.71713
0.5354,3.71702
0.5356,3.71802
0.5359,3.71713
0.5362,3.71891
0.5365,3.71813
0.5367,3.71902
0.537,3.71891
0.5373,3.71902
0.5376,3.72013
0.5379,3.71902
0.5381,3.72013
0.5384,3.72013
0.5387,3.72091
0.539,3.72102
0.5392,3.72102
0.5395,3.72213
0.5398,3.72302
0.5401,3.72291
0.5403,3.72302
0.5406,3.72313
0.5409,3.72291
0.5412,3.72402
0.5414,3.72413
0.5417,3.72402
0.542,3.72413
0.5423,3.72413
0.5426,3.72513
0.5428,3.7248
0.5431,3.72502
0.5434,3.72502
0.5437,3.72502
0.5439,3.72591
0.5442,3.72491
0.5445,3.72613
0.5448,3.72602
0.545,3.72613
0.5453,3.72602
0.5457,3.72702
0.5459,3.72702
0.5462,3.72713
0.5465,3.72724
0.5468,3.72802
0.547,3.72702
0.5473,3.72891
0.5476,3.72791
0.5479,3.72913
0.5482,3.72924
0.5484,3.72902
0.5487,3.73013
0.549,3.72991
0.5493,3.73002
0.5495,3.73013
0.5498,3.73002
0.5501,3.73002
0.5504,3.73102
0.5506,3.73091
0.5509,3.73124
0.5512,3.73124
0.5515,3.73191
0.5517,3.73191
0.552,3.73213
0.5523,3.7318
0.5526,3.73302
0.5529,3.73402
0.5531,3.73413
0.5534,3.73413
0.5537,3.73502
0.554,3.73602
0.5542,3.73613
0.5545,3.73713
0.5548,3.73713
0.5551,3.7368
0.5553,3.73702
0.5556,3.73802
0.5559,3.73824
0.5562,3.73891
0.5564,3.73824
0.5567,3.73902
0.557,3.73902
0.5573,3.73913
0.5576,3.73924
0.5578,3.74002
0.5581,3.74013
0.5584,3.73991
0.5587,3.73991
0.5589,3.74024
0.5592,3.74102
0.5595,3.7398
0.5598,3.74102
0.5601,3.74213
0.5604,3.74224
0.5607,3.74202
0.5609,3.74313
0.5612,3.74291
0.5615,3.74313
0.5618,3.74313
0.562,3.74313
0.5623,3.74302
0.5626,3.74391
0.5629,3.74402
0.5632,3.74413
0.5634,3.74413
0.5637,3.74413
0.564,3.74502
0.5643,3.7438
0.5645,3.74502
0.5648,3.74502
0.5651,3.74524
0.5654,3.74691
0.5656,3.74735
0.5659,3.74691
0.5662,3.7478
0.5665,3.74902
0.5668,3.74813
0.567,3.74902
0.5673,3.74902
0.5676,3.74902
0.5679,3.75002
0.5681,3.74991
0.5684,3.75013
0.5687,3.75002
0.569,3.75102
0.5692,3.75091
0.5695,3.75113
0.5698,3.75102
0.5701,3.75213
0.5703,3.75113
0.5706,3.75191
0.5709,3.75202
0.5712,3.75291
0.5715,3.75402
0.5717,3.75413
0.572,3.75502
0.5723,3.75502
0.5726,3.75513
0.5728,3.75502
0.5731,3.75613
0.5734,3.75624
0.5737,3.75602
0.5739,3.75591
0.5742,3.75602
0.5745,3.75591
0.5748,3.75591
0.5751,3.7568
0.5754,3.75702
0.5757,3.75724
0.5759,3.75824
0.5762,3.75791
0.5765,3.75791
0.5768,3.75913
0.5771,3.75902
0.5773,3.75991
0.5776,3.76002
0.5779,3.76013
0.5782,3.76113
0.5784,3.76091
0.5787,3.76013
0.579,3.76113
0.5793,3.76113
0.5795,3.76113
0.5798,3.76202
0.5801,3.76091
0.5804,3.76213
0.5806,3.76213
0.5809,3.76302
0.5812,3.76213
0.5815,3.76302
0.5818,3.76413
0.582,3.76402
0.5823,3.7658
0.5826,3.76613
0.5829,3.76613
0.5831,3.76691
0.5834,3.76702
0.5837,3.76724
0.584,3.76802
0.5842,3.76813
0.5845,3.76802
0.5848,3.76913
0.5851,3.76891
0.5853,3.76891
0.5856,3.76813
0.5859,3.76891
0.5862,3.76902
0.5865,3.76891
0.5867,3.76891
0.587,3.77002
0.5873,3.77002
0.5876,3.76991
0.5878,3.77024
0.5881,3.77124
0.5884,3.77213
0.5887,3.77102
0.589,3.77213
0.5892,3.77324
0.5896,3.77324
0.5898,3.7738
0.5901,3.77302
0.5904,3.7738
0.5907,3.77313
0.5909,3.77413
0.5912,3.77391
0.5915,3.77402
0.5918,3.77402
0.5921,3.77391
0.5923,3.77513
0.5926,3.77391
0.5929,3.77491
0.5932,3.77413
0.5934,3.77491
0.5937,3.77602
0.594,3.77602
0.5943,3.77613
0.5945,3.77735
0.5948,3.7778
0.5951,3.77791
0.5954,3.77891
0.5957,3.77902
0.5959,3.77902
0.5962,3.78002
0.5965,3.7798
0.5968,3.78024
0.597,3.7798
0.5973,3.78102
0.5976,3.7808
0.5979,3.78002
0.5981,3.78024
0.5984,3.78091
0.5987,3.78124
0.599,3.78202
0.5992,3.7818
0.5995,3.78202
0.5998,3.78224
0.6001,3.78302
0.6004,3.78402
0.6006,3.78413
0.6009,3.7848
0.6012,3.78624
0.6015,3.78624
0.6017,3.78724
0.602,3.78713
0.6023,3.78591
0.6026,3.78691
0.6028,3.78702
0.6031,3.78713
0.6034,3.78713
0.6037,3.78713
0.604,3.78713
0.6043,3.78791
0.6046,3.78691
0.6048,3.78802
0.6051,3.78802
0.6054,3.78802
0.6057,3.78902
0.606,3.78891
0.6062,3.78991
0.6065,3.79013
0.6068,3.79091
0.6071,3.79102
0.6073,3.79124
0.6076,3.79102
0.6079,3.79091
0.6082,3.79191
0.6084,3.79202
0.6087,3.79213
0.609,3.79191
0.6093,3.79213
0.6095,3.79191
0.6098,3.79302
0.6101,3.79302
0.6104,3.79302
0.6107,3.79291
0.6109,3.79291
0.6112,3.79413
0.6115,3.79402
0.6118,3.79502
0.612,3.79591
0.6123,3.79602
0.6126,3.79691
0.6129,3.79691
0.6131,3.79824
0.6134,3.79813
0.6137,3.79802
0.614,3.79902
0.6143,3.79902
0.6145,3.79924
0.6148,3.79913
0.6151,3.79991
0.6154,3.80113
0.6156,3.80002
0.6159,3.79913
0.6162,3.80002
0.6165,3.80002
0.6167,3.80102
0.617,3.80102
0.6173,3.80191
0.6176,3.80102
0.6178,3.80302
0.6182,3.80313
0.6185,3.80313
0.6187,3.80402
0.619,3.80413
0.6193,3.80413
0.6196,3.80413
0.6198,3.80391
0.6201,3.80391
0.6204,3.80491
0.6207,3.80502
0.621,3.80513
0.6212,3.80502
0.6215,3.80613
0.6218,3.80502
0.6221,3.80591
0.6223,3.80624
0.6226,3.80602
0.6229,3.8058
0.6232,3.80602
0.6234,3.80713
0.6237,3.80713
0.624,3.80669
0.6243,3.80802
0.6246,3.80713
0.6248,3.80802
0.6251,3.80891
0.6254,3.80902
0.6257,3.80902
0.6259,3.81002
0.6262,3.81024
0.6265,3.81002
0.6268,3.81013
0.627,3.8108
0.6273,3.80991
0.6276,3.81102
0.6279,3.81191
0.6281,3.81102
0.6284,3.81191
0.6287,3.81213
0.629,3.81213
0.6293,3.81302
0.6295,3.81291
0.6298,3.81302
0.6301,3.8138
0.6304,3.8138
0.6306,3.81524
0.6309,3.81513
0.6312,3.81613
0.6315,3.8168
0.6317,3.81713
0.632,3.81702
0.6323,3.81691
0.6326,3.81802
0.6329,3.81802
0.6332,3.81791
0.6335,3.81791
0.6337,3.81913
0.634,3.81902
0.6343,3.81891
0.6346,3.81935
0.6349,3.81902
0.6351,3.81913
0.6354,3.81913
0.6357,3.8198
0.636,3.82024
0.6362,3.82002
0.6365,3.82013
0.6368,3.81991
0.6371,3.82102
0.6373,3.82102
0.6376,3.82102
0.6379,3.82224
0.6382,3.82291
0.6385,3.82302
0.6387,3.82313
0.639,3.82313
0.6393,3.82402
0.6396,3.82313
0.6398,3.82402
0.6401,3.82391
0.6404,3.82391
0.6407,3.82435
0.6409,3.82491
0.6412,3.82502
0.6415,3.82402
0.6418,3.82513
0.642,3.82491
0.6423,3.82402
0.6426,3.82502
0.6429,3.82513
0.6432,3.82602
0.6434,3.82702
0.6437,3.82713
0.644,3.82769
0.6443,3.83013
0.6445,3.82802
0.6448,3.83002
0.6451,3.83002
0.6454,3.83024
0.6456,3.83013
0.6459,3.8308
0.6462,3.83035
0.6465,3.8308
0.6467,3.83113
0.6471,3.83202
0.6474,3.83113
0.6476,3.83291
0.6479,3.83313
0.6482,3.83213
0.6485,3.83202
0.6488,3.83213
0.649,3.83302
0.6493,3.83302
0.6496,3.8338
0.6499,3.83502
0.6501,3.83502
0.6504,3.83502
0.6507,3.83602
0.651,3.83591
0.6512,3.83602
0.6515,3.83602
0.6518,3.83591
0.6521,3.83613
0.6523,3.83702
0.6526,3.83691
0.6529,3.83713
0.6532,3.83724
0.6535,3.83691
0.6537,3.83702
0.654,3.83713
0.6543,3.83791
0.6546,3.83824
0.6548,3.83813
0.6551,3.83791
0.6554,3.8388
0.6557,3.83913
0.6559,3.83913
0.6562,3.83913
0.6565,3.83991
0.6568,3.84013
0.657,3.84013
0.6573,3.84013
0.6576,3.84102
0.6579,3.84102
0.6582,3.84102
0.6584,3.84102
0.6587,3.84113
0.659,3.84202
0.6593,3.84202
0.6595,3.84302
0.6598,3.84191
0.6601,3.84191
0.6604,3.84302
0.6606,3.84291
0.6609,3.84402
0.6613,3.84402
0.6615,3.84413
0.6618,3.84402
0.6621,3.84602
0.6624,3.84702
0.6626,3.84691
0.6629,3.84724
0.6632,3.84702
0.6635,3.84802
0.6638,3.84902
0.664,3.84913
0.6643,3.84913
0.6646,3.84902
0.6649,3.84902
0.6651,3.84924
0.6654,3.85024
0.6657,3.85002
0.666,3.85002
0.6662,3.8508
0.6665,3.85002
0.6668,3.84991
0.6671,3.85102
0.6674,3.85102
0.6676,3.85124
0.6679,3.85213
0.6682,3.85191
0.6685,3.85202
0.6687,3.85202
0.669,3.85313
0.6693,3.85313
0.6696,3.85291
0.6698,3.85424
0.6701,3.85391
0.6704,3.85402
0.6707,3.85402
0.6709,3.85402
0.6712,3.85513
0.6715,3.85502
0.6718,3.85491
0.6721,3.85491
0.6723,3.85513
0.6726,3.85502
0.6729,3.85591
0.6732,3.85602
0.6734,3.85591
0.6737,3.85624
0.674,3.85713
0.6743,3.85791
0.6745,3.85791
0.6748,3.85791
0.6751,3.85902
0.6754,3.85913
0.6757,3.86002
0.676,3.86002
0.6763,3.85902
0.6765,3.86002
0.6768,3.86102
0.6771,3.86102
0.6774,3.86024
0.6777,3.86102
0.6779,3.86102
0.6782,3.86102
0.6785,3.86224
0.6788,3.86202
0.679,3.86202
0.6793,3.86302
0.6796,3.86324
0.6799,3.86302
0.6801,3.86502
0.6804,3.86302
0.6807,3.86502
0.681,3.86502
0.6812,3.86513
0.6815,3.86613
0.6818,3.86591
0.6821,3.86602
0.6824,3.86613
0.6826,3.86713
0.6829,3.86713
0.6832,3.86702
0.6835,3.86691
0.6837,3.86802
0.684,3.8668
0.6843,3.86813
0.6846,3.86791
0.6848,3.86802
0.6851,3.86813
0.6854,3.86902
0.6857,3.86902
0.6859,3.86902
0.6862,3.86891
0.6865,3.86902
0.6868,3.86902
0.6871,3.86902
0.6873,3.87002
0.6876,3.87002
0.6879,3.87002
0.6882,3.87002
0.6884,3.87002
0.6887,3.86991
0.689,3.87113
0.6893,3.87102
0.6895,3.87213
0.6898,3.87102
0.6902,3.87291
0.6904,3.87202
0.6907,3.87291
0.691,3.87313
0.6913,3.87302
0.6915,3.87402
0.6918,3.87402
0.6921,3.87391
0.6924,3.87402
0.6927,3.87413
0.6929,3.87491
0.6932,3.87424
0.6935,3.87513
0.6938,3.87513
0.694,3.87535
0.6943,3.87602
0.6946,3.87591
0.6949,3.87602
0.6951,3.87535
0.6954,3.87602
0.6957,3.87702
0.696,3.87802
0.6962,3.87913
0.6965,3.88002
0.6968,3.8798
0.6971,3.88024
0.6974,3.88102
0.6976,3.87991
0.6979,3.88091
0.6982,3.88124
0.6985,3.88113
0.6987,3.88091
0.699,3.88191
0.6993,3.88213
0.6996,3.88213
0.6998,3.88269
0.7001,3.88224
0.7004,3.88291
0.7007,3.88324
0.701,3.88402
0.7012,3.88302
0.7015,3.8838
0.7018,3.88402
0.7021,3.88391
0.7023,3.88402
0.7026,3.88524
0.7029,3.88502
0.7032,3.88602
0.7034,3.88591
0.7037,3.88613
0.704,3.88602
0.7043,3.88602
0.7045,3.88702
0.7048,3.88569
0.7052,3.88613
0.7054,3.88702
0.7057,3.88713
0.706,3.88802
0.7063,3.88691
0.7066,3.88813
0.7068,3.88802
0.7071,3.88791
0.7074,3.88791
0.7077,3.88891
0.7079,3.88924
0.7082,3.88913
0.7085,3.89091
0.7088,3.8908
0.709,3.89113
0.7093,3.89113
0.7096,3.89213
0.7099,3.89302
0.7101,3.89202
0.7104,3.89302
0.7107,3.89402
0.711,3.89402
0.7113,3.89302
0.7115,3.89402
0.7118,3.89402
0.7121,3.89413
0.7124,3.89524
0.7126,3.89502
0.7129,3.89524
0.7132,3.89513
0.7135,3.89602
0.7137,3.89513
0.714,3.89591
0.7143,3.89613
0.7146,3.89591
0.7148,3.89713
0.7151,3.89702
0.7154,3.89802
0.7157,3.89902
0.716,3.89913
0.7162,3.89913
0.7165,3.89924
0.7168,3.89902
0.7171,3.90024
0.7173,3.89991
0.7176,3.90013
0.7179,3.90013
0.7182,3.89991
0.7184,3.90002
0.7187,3.90013
0.719,3.90113
0.7193,3.90102
0.7196,3.90102
0.7199,3.90102
0.7202,3.90202
0.7204,3.90213
0.7207,3.90291
0.721,3.90302
0.7213,3.90391
0.7216,3.90302
0.7218,3.90369
0.7221,3.90491
0.7224,3.90524
0.7227,3.90413
0.7229,3.90502
0.7232,3.90535
0.7235,3.90513
0.7238,3.90513
0.724,3.90602
0.7243,3.90502
0.7246,3.90502
0.7249,3.90502
0.7251,3.90591
0.7254,3.90713
0.7257,3.90691
0.726,3.90702
0.7263,3.90813
0.7265,3.90791
0.7268,3.90902
0.7271,3.90991
0.7274,3.91013
0.7276,3.91113
0.7279,3.91102
0.7282,3.91102
0.7285,3.9108
0.7287,3.91213
0.729,3.91202
0.7293,3.91202
0.7296,3.91313
0.7299,3.91291
0.7301,3.91402
0.7304,3.91413
0.7307,3.91402
0.731,3.91413
0.7312,3.91424
0.7315,3.91491
0.7318,3.9148
0.7321,3.91491
0.7323,3.91502
0.7326,3.91591
0.7329,3.91602
0.7332,3.91602
0.7334,3.91602
0.7337,3.91702
0.734,3.91624
0.7343,3.91691
0.7346,3.91702
0.7349,3.91702
0.7352,3.91713
0.7355,3.91802
0.7357,3.91802
0.736,3.91813
0.7363,3.91802
0.7366,3.91824
0.7368,3.91891
0.7371,3.91913
0.7374,3.91902
0.7377,3.91991
0.7379,3.92002
0.7382,3.92091
0.7385,3.92102
0.7388,3.92124
0.739,3.92202
0.7393,3.92191
0.7396,3.92213
0.7399,3.92202
0.7402,3.92302
0.7404,3.92302
0.7407,3.92402
0.741,3.92324
0.7413,3.92502
0.7415,3.92413
0.7418,3.9248
0.7421,3.92402
0.7424,3.92502
0.7426,3.92513
0.7429,3.92524
0.7432,3.92591
0.7435,3.92602
0.7437,3.92691
0.744,3.92713
0.7443,3.92902
0.7446,3.92902
0.7449,3.92913
0.7451,3.93002
0.7454,3.92913
0.7457,3.93002
0.746,3.93002
0.7462,3.93102
0.7465,3.93102
0.7468,3.93102
0.7471,3.9308
0.7473,3.93102
0.7476,3.93102
0.7479,3.93191
0.7482,3.93102
0.7485,3.93202
0.7487,3.93202
0.7491,3.93191
0.7493,3.93202
0.7496,3.93313
0.7499,3.93402
0.7502,3.93391
0.7505,3.93391
0.7507,3.93491
0.751,3.93502
0.7513,3.93513
0.7516,3.93491
0.7518,3.93513
0.7521,3.93602
0.7524,3.93602
0.7527,3.93491
0.7529,3.93613
0.7532,3.93635
0.7535,3.93613
0.7538,3.93702
0.7541,3.93691
0.7543,3.93713
0.7546,3.93802
0.7549,3.93813
0.7552,3.93902
0.7554,3.94091
0.7557,3.94091
0.756,3.94191
0.7563,3.94102
0.7565,3.94202
0.7568,3.94313
0.7571,3.94302
0.7574,3.94291
0.7576,3.94302
0.7579,3.9428
0.7582,3.94291
0.7585,3.94313
0.7588,3.94302
0.759,3.94402
0.7593,3.94402
0.7596,3.94391
0.7599,3.94424
0.7601,3.94502
0.7604,3.94502
0.7607,3.94691
0.761,3.94602
0.7612,3.94702
0.7615,3.94735
0.7618,3.94713
0.7621,3.94791
0.7623,3.94791
0.7626,3.94791
0.7629,3.94924
0.7632,3.94891
0.7635,3.94913
0.7637,3.94891
0.764,3.94902
0.7644,3.94913
0.7646,3.95002
0.7649,3.94924
0.7652,3.94924
0.7655,3.94991
0.7657,3.95002
0.766,3.95013
0.7663,3.95113
0.7666,3.95091
0.7668,3.95224
0.7671,3.95213
0.7674,3.95213
0.7677,3.95313
0.7679,3.95302
0.7682,3.95302
0.7685,3.95391
0.7688,3.95402
0.7691,3.95402
0.7693,3.95491
0.7696,3.95524
0.7699,3.95513
0.7702,3.95524
0.7704,3.9558
0.7707,3.95724
0.771,3.95702
0.7713,3.95602
0.7715,3.95713
0.7718,3.95735
0.7721,3.9578
0.7724,3.95913
0.7726,3.95913
0.7729,3.96113
0.7732,3.96113
0.7735,3.96113
0.7738,3.96158
0.774,3.96191
0.7743,3.96202
0.7746,3.9618
0.7749,3.96202
0.7751,3.96291
0.7754,3.96291
0.7757,3.96302
0.776,3.96302
0.7762,3.96302
0.7765,3.96313
0.7768,3.96413
0.7771,3.96413
0.7774,3.96513
0.7776,3.96524
0.7779,3.96491
0.7782,3.96591
0.7785,3.96602
0.7788,3.96602
0.7791,3.96691
0.7794,3.96713
0.7796,3.96613
0.7799,3.96813
0.7802,3.96713
0.7805,3.96713
0.7807,3.96813
0.781,3.96813
0.7813,3.96813
0.7816,3.96913
0.7818,3.96902
0.7821,3.96891
0.7824,3.96902
0.7827,3.97013
0.783,3.97091
0.7832,3.97102
0.7835,3.97224
0.7838,3.97313
0.7841,3.97413
0.7843,3.97391
0.7846,3.97502
0.7849,3.97491
0.7852,3.97391
0.7854,3.97502
0.7857,3.97502
0.786,3.97602
0.7863,3.97624
0.7865,3.97691
0.7868,3.97702
0.7871,3.97713
0.7874,3.97713
0.7877,3.97802
0.7879,3.97791
0.7882,3.97913
0.7885,3.97902
0.7888,3.97991
0.789,3.98013
0.7893,3.98002
0.7896,3.98002
0.7899,3.98102
0.7901,3.97991
0.7904,3.98124
0.7907,3.98002
0.791,3.98113
0.7912,3.98102
0.7915,3.98113
0.7918,3.98202
0.7921,3.98224
0.7924,3.98202
0.7926,3.98313
0.7929,3.98391
0.7933,3.98413
0.7935,3.98413
0.7938,3.98524
0.7941,3.98524
0.7944,3.98569
0.7946,3.98613
0.7949,3.9868
0.7952,3.98613
0.7955,3.98713
0.7957,3.98702
0.796,3.98691
0.7963,3.98702
0.7966,3.98813
0.7968,3.98802
0.7971,3.98913
0.7974,3.98891
0.7977,3.9908
0.798,3.99124
0.7982,3.99202
0.7985,3.9918
0.7988,3.99324
0.7991,3.99291
0.7993,3.99302
0.7996,3.99313
0.7999,3.99291
0.8002,3.99313
0.8004,3.99413
0.8007,3.99369
0.801,3.99391
0.8013,3.99502
0.8015,3.99524
0.8018,3.99602
0.8021,3.99602
0.8024,3.99613
0.8027,3.99702
0.8029,3.99713
0.8032,3.99713
0.8035,3.99813
0.8038,3.99802
0.804,3.9978
0.8043,3.99813
0.8046,3.99802
0.8049,3.99902
0.8051,3.99902
0.8054,3.99924
0.8057,3.99913
0.806,4.00102
0.8062,4.00113
0.8065,4.00224
0.8068,4.00302
0.8071,4.00291
0.8074,4.00402
0.8077,4.00291
0.808,4.00502
0.8083,4.00502
0.8085,4.00502
0.8088,4.00513
0.8091,4.00524
0.8094,4.00602
0.8096,4.00702
0.8099,4.00602
0.8102,4.00702
0.8105,4.00824
0.8107,4.00802
0.811,4.00891
0.8113,4.00902
0.8116,4.01002
0.8118,4.01013
0.8121,4.01002
0.8124,4.01002
0.8127,4.01113
0.813,4.01102
0.8132,4.01102
0.8135,4.01213
0.8138,4.01213
0.8141,4.01213
0.8143,4.01213
0.8146,4.01202
0.8149,4.01302
0.8152,4.01302
0.8154,4.01413
0.8157,4.01424
0.816,4.01502
0.8163,4.01524
0.8165,4.01491
0.8168,4.01491
0.8171,4.01602
0.8174,4.01602
0.8177,4.01613
0.8179,4.01713
0.8182,4.01713
0.8185,4.01824
0.8188,4.01802
0.819,4.01813
0.8193,4.01891
0.8196,4.02002
0.8199,4.02091
0.8201,4.02224
0.8204,4.02271
0.8207,4.02337
0.821,4.02071
0.8213,4.0227
0.8215,4.0238
0.8218,4.02435
0.8222,4.0259
0.8224,4.02667
0.8227,4.02644
0.823,4.02577
0.8233,4.0261
0.8235,4.02643
0.8238,4.02665
0.8241,4.02742
0.8243,4.02786
0.8246,4.02819
0.8249,4.02918
0.8251,4.0294
0.8254,4.02952
0.8257,4.0294
0.8259,4.0314
0.8262,4.0304
0.8265,4.03261
0.8267,4.03205
0.827,4.03294
0.8273,4.03183
0.8275,4.03326
0.8278,4.03348
0.828,4.03437
0.8283,4.03492
0.8286,4.03536
0.8288,4.03513
0.8291,4.03457
0.8293,4.03468
0.8296,4.03479
0.8299,4.03512
0.8301,4.03589
0.8304,4.03644
0.8306,4.03666
0.8309,4.03666
0.8311,4.03721
0.8314,4.03732
0.8316,4.03776
0.8319,4.0382
0.8322,4.03976
0.8324,4.04075
0.8327,4.04031
0.8329,4.04086
0.8332,4.03931
0.8334,4.03952
0.8337,4.04074
0.8339,4.04052
0.8342,4.04262
0.8344,4.04107
0.8347,4.04284
0.8349,4.0425
0.8352,4.04394
0.8355,4.04405
0.8357,4.04394
0.836,4.04393
0.8362,4.04393
0.8364,4.0437
0.8367,4.04403
0.8369,4.04392
0.8372,4.04425
0.8374,4.04469
0.8377,4.04502
0.8379,4.04557
0.8381,4.04546
0.8384,4.04579
0.8386,4.04623
0.8389,4.04612
0.8391,4.04701
0.8394,4.048
0.8396,4.04789
0.8398,4.048
0.8401,4.04933
0.8403,4.04911
0.8405,4.04932
0.8408,4.05021
0.841,4.05021
0.8413,4.04932
0.8415,4.05065
0.8417,4.05042
0.842,4.05186
0.8422,4.0523
0.8424,4.05141
0.8427,4.05174
0.8429,4.05307
0.8431,4.05207
0.8434,4.05284
0.8436,4.05284
0.8438,4.05217
0.8441,4.0525
0.8443,4.0525
0.8445,4.05294
0.8447,4.05316
0.845,4.05338
0.8452,4.0536
0.8454,4.05382
0.8457,4.0547
0.8459,4.05437
0.8461,4.05481
0.8463,4.05514
0.8466,4.05602
0.8468,4.05614
0.847,4.05658
0.8473,4.05857
0.8475,4.05769
0.8478,4.05813
0.848,4.05824
0.8482,4.05846
0.8484,4.0589
0.8487,4.05801
0.8489,4.05989
0.8491,4.05945
0.8493,4.059
0.8495,4.06022
0.8498,4.05977
0.85,4.05977
0.8502,4.0611
0.8504,4.0611
0.8506,4.0611
0.8509,4.06098
0.8511,4.06087
0.8513,4.06053
0.8515,4.06053
0.8517,4.06086
0.852,4.06174
0.8522,4.06141
0.8524,4.06152
0.8526,4.06229
0.8528,4.06229
0.853,4.0624
0.8532,4.06273
0.8535,4.06395
0.8537,4.06439
0.8539,4.06405
0.8541,4.06428
0.8543,4.06483
0.8545,4.06505
0.8547,4.06627
0.855,4.06605
0.8552,4.0666
0.8554,4.06649
0.8556,4.0666
0.8558,4.06715
0.856,4.0677
0.8562,4.06803
0.8564,4.06792
0.8566,4.06759
0.8569,4.06836
0.8571,4.06858
0.8573,4.06902
0.8575,4.06946
0.8577,4.06924
0.8579,4.06901
0.8581,4.06901
0.8583,4.06945
0.8586,4.06978
0.8588,4.069
0.859,4.06867
0.8592,4.06933
0.8594,4.06955
0.8596,4.06944
0.8598,4.06944
0.86,4.07043
0.8602,4.07098
0.8604,4.07076
0.8606,4.07076
0.8608,4.07253
0.861,4.07253
0.8612,4.07253
0.8614,4.07364
0.8616,4.07364
0.8618,4.0743
0.862,4.07386
0.8622,4.07463
0.8624,4.0743
0.8626,4.07485
0.8628,4.0743
0.863,4.07441
0.8632,4.07474
0.8634,4.07617
0.8636,4.07551
0.8638,4.07606
0.864,4.07606
0.8642,4.0765
0.8644,4.07716
0.8646,4.07705
0.8648,4.0776
0.865,4.07671
0.8652,4.07649
0.8654,4.07737
0.8656,4.07604
0.8657,4.07681
0.8659,4.07648
0.8661,4.07681
0.8663,4.07681
0.8665,4.07769
0.8667,4.07736
0.8669,4.07736
0.8671,4.07891
0.8673,4.07791
0.8675,4.0788
0.8677,4.07846
0.8679,4.07913
0.868,4.08001
0.8682,4.0799
0.8684,4.0799
0.8687,4.08156
0.8689,4.08145
0.869,4.08112
0.8692,4.08156
0.8694,4.08233
0.8696,4.082
0.8698,4.08222
0.87,4.08222
0.8702,4.08255
0.8704,4.0831
0.8705,4.08365
0.8707,4.08321
0.8709,4.08343
0.8711,4.0842
0.8713,4.08387
0.8715,4.08486
0.8716,4.08409
0.8718,4.08497
0.872,4.08464
0.8722,4.08342
0.8724,4.08463
0.8726,4.08463
0.8727,4.08507
0.8729,4.08452
0.8731,4.0844
0.8733,4.08451
0.8735,4.0844
0.8737,4.08473
0.8738,4.08473
0.874,4.08495
0.8742,4.08528
0.8744,4.08561
0.8746,4.08539
0.8747,4.08561
0.8749,4.08528
0.8751,4.08616
0.8753,4.08605
0.8754,4.08649
0.8756,4.08682
0.8758,4.08815
0.876,4.08893
0.8762,4.08815
0.8763,4.08937
0.8765,4.08904
0.8767,4.08804
0.8769,4.08937
0.877,4.08959
0.8772,4.08948
0.8774,4.09025
0.8776,4.09003
0.8777,4.09036
0.8779,4.0908
0.8781,4.09135
0.8783,4.09069
0.8785,4.09157
0.8787,4.09146
0.8788,4.09168
0.879,4.09057
0.8792,4.09113
0.8793,4.09157
0.8795,4.09201
0.8797,4.09201
0.8799,4.09245
0.88,4.09189
0.8802,4.09156
0.8804,4.09222
0.8805,4.09233
0.8807,4.09122
0.8809,4.09211
0.8811,4.09122
0.8812,4.0921
0.8814,4.09221
0.8816,4.09221
0.8817,4.09232
0.8819,4.09265
0.8821,4.09298
0.8822,4.09276
0.8824,4.09287
0.8826,4.09309
0.8827,4.09342
0.8829,4.09342
0.8831,4.09364
0.8832,4.09364
0.8834,4.09408
0.8836,4.09386
0.8837,4.09397
0.8839,4.09441
0.8841,4.09574
0.8842,4.09463
0.8844,4.09552
0.8846,4.09541
0.8847,4.09696
0.8849,4.09707
0.8851,4.09718
0.8852,4.09762
0.8854,4.09751
0.8856,4.09718
0.8857,4.09795
0.8859,4.09828
0.886,4.09795
0.8862,4.09817
0.8864,4.09839
0.8865,4.09872
0.8867,4.09916
0.8869,4.09949
0.8871,4.09905
0.8872,4.09971
0.8874,4.10004
0.8875,4.09982
0.8877,4.09982
0.8879,4.09993
0.888,4.10026
0.8882,4.09982
0.8883,4.10081
0.8885,4.1007
0.8887,4.10048
0.8888,4.10048
0.889,4.10092
0.8891,4.10058
0.8893,4.09992
0.8894,4.10036
0.8896,4.10047
0.8898,4.10091
0.8899,4.10013
0.8901,4.10046
0.8902,4.10013
0.8904,4.10024
0.8905,4.10035
0.8907,4.10024
0.8909,4.10068
0.891,4.10079
0.8912,4.10046
0.8913,4.10079
0.8915,4.10023
0.8916,4.10123
0.8918,4.10078
0.8919,4.10145
0.8921,4.10178
0.8923,4.10211
0.8924,4.10266
0.8926,4.10178
0.8927,4.10266
0.8929,4.10244
0.893,4.10255
0.8932,4.10222
0.8933,4.10288
0.8935,4.10321
0.8936,4.10332
0.8938,4.10365
0.8939,4.10376
0.8941,4.1041
0.8942,4.10487
0.8944,4.10454
0.8945,4.10476
0.8947,4.10531
0.8949,4.10576
0.895,4.10553
0.8952,4.10587
0.8953,4.10498
0.8955,4.10675
0.8956,4.10575
0.8958,4.10719
0.8959,4.10641
0.8961,4.10586
0.8962,4.10664
0.8964,4.10652
0.8965,4.1063
0.8967,4.10752
0.8968,4.10763
0.897,4.10763
0.8971,4.10774
0.8973,4.10774
0.8974,4.10685
0.8976,4.10873
0.8977,4.10751
0.8978,4.10851
0.898,4.10895
0.8981,4.10806
0.8983,4.10862
0.8984,4.10851
0.8986,4.10828
0.8987,4.10928
0.8989,4.10928
0.899,4.10972
0.8992,4.10961
0.8993,4.10994
0.8995,4.10972
0.8996,4.10905
0.8997,4.10883
0.8999,4.10883
0.9,4.10805
0.9002,4.10982
0.9003,4.10871
0.9005,4.10982
0.9006,4.10926
0.9007,4.10992
0.9009,4.10915
0.901,4.10937
0.9012,4.10904
0.9013,4.10959
0.9015,4.11014
0.9016,4.11003
0.9017,4.10959
0.9019,4.11036
0.902,4.11003
0.9022,4.11014
0.9023,4.10958
0.9025,4.11058
0.9026,4.10991
0.9028,4.10969
0.9029,4.10991
0.903,4.11002
0.9032,4.11002
0.9033,4.11068
0.9035,4.11013
0.9036,4.1098
0.9037,4.11035
0.9039,4.11057
0.904,4.11013
0.9042,4.11201
0.9043,4.11168
0.9044,4.11168
0.9046,4.11223
0.9047,4.1119
0.9048,4.113
0.905,4.11212
0.9051,4.11234
0.9053,4.11311
0.9054,4.11256
0.9055,4.114
0.9057,4.11289
0.9058,4.11389
0.9059,4.11522
0.9061,4.11389
0.9062,4.11311
0.9064,4.11466
0.9065,4.11444
0.9066,4.11466
0.9068,4.11521
0.9069,4.11577
0.907,4.11665
0.9072,4.11421
0.9073,4.1161
0.9074,4.11621
0.9076,4.1161
0.9077,4.11665
0.9078,4.11543
0.908,4.11698
0.9081,4.11631
0.9082,4.11587
0.9084,4.11653
0.9085,4.11598
0.9086,4.11587
0.9088,4.11653
0.9089,4.11675
0.909,4.11775
0.9092,4.11741
0.9093,4.11697
0.9094,4.11708
0.9096,4.11786
0.9097,4.11841
0.9099,4.11708
0.91,4.11797
0.9101,4.11808
0.9103,4.11829
0.9104,4.11874
0.9105,4.11863
0.9106,4.11808
0.9108,4.11951
0.9109,4.11918
0.911,4.1194
0.9112,4.1194
0.9113,4.11951
0.9114,4.11862
0.9116,4.11784
0.9117,4.11862
0.9118,4.11817
0.9119,4.11939
0.9121,4.11917
0.9122,4.11917
0.9123,4.11828
0.9125,4.11795
0.9126,4.11883
0.9127,4.11839
0.9128,4.11905
0.913,4.11805
0.9131,4.11883
0.9132,4.11882
0.9133,4.11861
0.9135,4.11927
0.9136,4.11916
0.9137,4.11905
0.9139,4.11816
0.914,4.11915
0.9141,4.11871
0.9142,4.11938
0.9144,4.11971
0.9145,4.11982
0.9146,4.12037
0.9147,4.11937
0.9149,4.11926
0.915,4.12026
0.9151,4.11926
0.9152,4.11959
0.9154,4.11959
0.9155,4.11948
0.9156,4.11981
0.9157,4.12081
0.9159,4.11948
0.916,4.12092
0.9161,4.12036
0.9162,4.12036
0.9164,4.12081
0.9165,4.12013
0.9166,4.11991
0.9168,4.12125
0.9169,4.12191
0.917,4.12147
0.9171,4.12268
0.9173,4.1218
0.9174,4.12212
0.9175,4.1218
0.9176,4.12257
0.9177,4.12346
0.9179,4.12235
0.918,4.12335
0.9181,4.12368
0.9182,4.12324
0.9184,4.1239
0.9185,4.12423
0.9186,4.12434
0.9187,4.12356
0.9188,4.12379
0.919,4.12511
0.9191,4.125
0.9192,4.12456
0.9193,4.12445
0.9194,4.12489
0.9196,4.12445
0.9197,4.12256
0.9198,4.12555
0.9199,4.12267
0.92,4.124
0.9202,4.1261
0.9203,4.12389
0.9204,4.12345
0.9205,4.12588
0.9206,4.12555
0.9207,4.12499
0.9209,4.1251
0.921,4.12344
0.9211,4.12721
0.9212,4.12721
0.9213,4.12665
0.9215,4.12532
0.9216,4.12532
0.9217,4.12676
0.9218,4.12565
0.9219,4.12532
0.922,4.12609
0.9222,4.12664
0.9223,4.12609
0.9224,4.1262
0.9225,4.12786
0.9226,4.12764
0.9228,4.1262
0.9229,4.12875
0.923,4.12853
0.9231,4.12675
0.9232,4.12908
0.9233,4.12919
0.9235,4.12875
0.9236,4.1293
0.9237,4.12974
0.9238,4.12886
0.9239,4.12841
0.924,4.12807
0.9241,4.12741
0.9243,4.1294
0.9244,4.12985
0.9245,4.12885
0.9246,4.12741
0.9247,4.1294
0.9248,4.1304
0.9249,4.12884
0.925,4.1304
0.9252,4.12962
0.9253,4.12973
0.9254,4.12929
0.9255,4.12984
0.9256,4.12984
0.9257,4.13028
0.9258,4.12895
0.9259,4.13017
0.9261,4.12962
0.9262,4.12951
0.9263,4.12895
0.9264,4.12939
0.9265,4.12973
0.9266,4.12917
0.9267,4.13017
0.9268,4.12961
0.927,4.13072
0.9271,4.12817
0.9272,4.13017
0.9273,4.12994
0.9274,4.13027
0.9275,4.12939
0.9276,4.13005
0.9277,4.13016
0.9278,4.13016
0.9279,4.13071
0.9281,4.12927
0.9282,4.12949
0.9283,4.13071
0.9284,4.13049
0.9285,4.13104
0.9286,4.13093
0.9287,4.13082
0.9288,4.1306
0.929,4.1306
0.9291,4.13115
0.9292,4.13159
0.9293,4.13037
0.9294,4.13048
0.9295,4.13037
0.9296,4.13059
0.9297,4.13214
0.9298,4.13103
0.9299,4.13103
0.93,4.13092
0.9301,4.13158
0.9302,4.13214
0.9304,4.1318
0.9305,4.13225
0.9306,4.13147
0.9307,4.13147
0.9308,4.13291
0.9309,4.13202
0.931,4.13335
0.9311,4.1328
0.9312,4.13291
0.9313,4.13291
0.9314,4.13324
0.9315,4.1328
0.9316,4.13313
0.9317,4.13357
0.9318,4.13368
0.9319,4.13401
0.932,4.1329
0.9321,4.13412
0.9322,4.13401
0.9324,4.13312
0.9325,4.13456
0.9326,4.13434
0.9327,4.13567
0.9328,4.13523
0.9329,4.13489
0.933,4.13467
0.9331,4.13478
0.9332,4.13467
0.9333,4.13478
0.9334,4.13633
0.9335,4.13678
0.9336,4.13733
0.9337,4.13522
0.9338,4.13611
0.9339,4.13522
0.934,4.13566
0.9341,4.13644
0.9342,4.13666
0.9343,4.13599
0.9344,4.13455
0.9345,4.13599
0.9346,4.13743
0.9347,4.13533
0.9348,4.13733
0.9349,4.13721
0.935,4.13699
0.9351,4.13721
0.9352,4.13821
0.9353,4.13721
0.9354,4.13699
0.9355,4.13732
0.9356,4.13721
0.9357,4.13754
0.9358,4.13732
0.9359,4.13842
0.936,4.13798
0.9361,4.13798
0.9362,4.13809
0.9363,4.13731
0.9364,4.13698
0.9365,4.13631
0.9366,4.13731
0.9367,4.13698
0.9368,4.13853
0.9369,4.13675
0.937,4.13742
0.9371,4.13797
0.9372,4.13731
0.9373,4.13808
0.9374,4.13797
0.9375,4.13752
0.9376,4.13808
0.9377,4.13663
0.9378,4.13741
0.9379,4.13752
0.938,4.13741
0.9381,4.13774
0.9382,4.13796
0.9383,4.13763
0.9384,4.13741
0.9385,4.1384
0.9386,4.13829
0.9387,4.1384
0.9388,4.13773
0.9389,4.1384
0.939,4.1384
0.9391,4.13862
0.9392,4.13952
0.9393,4.13884
0.9393,4.13851
0.9394,4.13851
0.9396,4.13917
0.9397,4.13939
0.9398,4.13939
0.9398,4.13994
0.9399,4.1395
0.94,4.13972
0.9401,4.14005
0.9402,4.13972
0.9403,4.13983
0.9404,4.13994
0.9405,4.14016
0.9406,4.14005
0.9407,4.14094
0.9408,4.14094
0.9409,4.13961
0.941,4.14027
0.9411,4.14016
0.9412,4.14093
0.9412,4.14027
0.9413,4.1416
0.9414,4.1406
0.9415,4.14149
0.9416,4.14171
0.9417,4.14204
0.9418,4.14193
0.9419,4.14237
0.942,4.14226
0.9421,4.14182
0.9422,4.14137
0.9423,4.14115
0.9423,4.14215
0.9424,4.14292
0.9425,4.14237
0.9426,4.14447
0.9427,4.1437
0.9428,4.14381
0.9429,4.14425
0.943,4.14414
0.9431,4.14447
0.9432,4.14392
0.9432,4.1427
0.9433,4.14458
0.9434,4.14325
0.9435,4.14491
0.9436,4.14391
0.9437,4.14336
0.9438,4.14502
0.9439,4.14425
0.944,4.14513
0.944,4.14624
0.9441,4.14646
0.9442,4.14613
0.9443,4.14535
0.9444,4.14457
0.9445,4.14435
0.9446,4.14479
0.9447,4.14535
0.9448,4.1469
0.9449,4.14468
0.9449,4.14557
0.945,4.14612
0.9451,4.14568
0.9452,4.14623
0.9453,4.14557
0.9454,4.14623
0.9455,4.14512
0.9456,4.14634
0.9456,4.14645
0.9457,4.14656
0.9458,4.146
0.9459,4.14656
0.946,4.14667
0.9461,4.14689
0.9462,4.14667
0.9462,4.14711
0.9463,4.14855
0.9464,4.14844
0.9465,4.14822
0.9466,4.14844
0.9467,4.148
0.9468,4.14755
0.9468,4.148
0.9469,4.14866
0.947,4.14833
0.9471,4.14833
0.9472,4.14733
0.9473,4.14866
0.9473,4.14877
0.9474,4.14833
0.9475,4.14777
0.9476,4.14688
0.9477,4.14666
0.9478,4.14644
0.9479,4.14666
0.9479,4.14655
0.948,4.14688
0.9481,4.14787
0.9482,4.14776
0.9483,4.14665
0.9484,4.14709
0.9484,4.14709
0.9485,4.14643
0.9486,4.14709
0.9487,4.14831
0.9488,4.1472
0.9488,4.14876
0.9489,4.14764
0.949,4.14753
0.9491,4.14809
0.9492,4.14853
0.9493,4.14753
0.9494,4.14753
0.9494,4.14764
0.9495,4.14831
0.9496,4.14886
0.9497,4.14797
0.9498,4.14875
0.9498,4.14852
0.9499,4.14942
0.95,4.14941
0.9501,4.14874
0.9502,4.14819
0.9502,4.14874
0.9503,4.14974
0.9504,4.14919
0.9505,4.14874
0.9506,4.14952
0.9506,4.14941
0.9507,4.14985
0.9508,4.14918
0.9509,4.14907
0.951,4.14973
0.951,4.15062
0.9511,4.14984
0.9512,4.1504
0.9513,4.15029
0.9514,4.14896
0.9514,4.14918
0.9515,4.1495
0.9516,4.14973
0.9517,4.15006
0.9517,4.1504
0.9518,4.15095
0.9519,4.15083
0.952,4.15072
0.9521,4.14995
0.9521,4.15039
0.9522,4.15139
0.9523,4.15028
0.9524,4.15095
0.9524,4.1515
0.9525,4.15139
0.9526,4.15172
0.9527,4.15161
0.9527,4.15216
0.9528,4.15183
0.9529,4.15216
0.953,4.15205
0.953,4.15161
0.9531,4.15327
0.9532,4.1536
0.9533,4.15327
0.9534,4.15327
0.9534,4.15349
0.9535,4.1536
0.9536,4.15393
0.9537,4.15404
0.9537,4.15382
0.9538,4.15415
0.9539,4.15459
0.954,4.15404
0.954,4.15437
0.9541,4.15404
0.9542,4.15459
0.9543,4.15426
0.9543,4.15548
0.9544,4.1557
0.9545,4.15581
0.9546,4.15548
0.9546,4.15581
0.9547,4.15558
0.9548,4.15603
0.9549,4.15614
0.9549,4.15514
0.955,4.15602
0.9551,4.1558
0.9551,4.15525
0.9552,4.15514
0.9553,4.15658
0.9554,4.15525
0.9554,4.1558
0.9555,4.15613
0.9556,4.15602
0.9556,4.15713
0.9557,4.15569
0.9558,4.15669
0.9559,4.15635
0.9559,4.15735
0.956,4.15702
0.9561,4.15691
0.9561,4.1568
0.9562,4.15702
0.9563,4.15768
0.9564,4.1569
0.9564,4.15746
0.9565,4.15724
0.9566,4.15668
0.9566,4.15801
0.9567,4.15724
0.9568,4.15746
0.9568,4.15646
0.9569,4.15812
0.957,4.15657
0.9571,4.15679
0.9571,4.15757
0.9572,4.15823
0.9573,4.15812
0.9574,4.1569
0.9574,4.15801
0.9575,4.15779
0.9576,4.15812
0.9576,4.15812
0.9577,4.15779
0.9578,4.1579
0.9578,4.15834
0.9579,4.15834
0.958,4.15878
0.9581,4.15789
0.9581,4.15878
0.9582,4.15722
0.9583,4.15744
0.9583,4.15744
0.9584,4.15767
0.9585,4.15722
0.9585,4.15822
0.9586,4.15844
0.9587,4.15855
0.9587,4.15722
0.9588,4.15944
0.9589,4.15877
0.9589,4.15866
0.959,4.15766
0.9591,4.15733
0.9591,4.15722
0.9592,4.1581
0.9593,4.1581
0.9593,4.15821
0.9594,4.1581
0.9595,4.1581
0.9595,4.15843
0.9596,4.15732
0.9597,4.15788
0.9597,4.15887
0.9598,4.15798
0.9599,4.15976
0.9599,4.15898
0.96,4.15887
0.9601,4.15776
0.9601,4.15842
0.9602,4.15865
0.9603,4.15898
0.9603,4.15942
0.9604,4.15931
0.9605,4.15942
0.9605,4.15798
0.9606,4.15776
0.9607,4.15798
0.9607,4.15853
0.9608,4.1592
0.9608,4.15931
0.9609,4.15897
0.961,4.16019
0.9611,4.15875
0.9611,4.15864
0.9612,4.15908
0.9612,4.16019
0.9613,4.15886
0.9614,4.15875
0.9614,4.1593
0.9615,4.16041
0.9616,4.16063
0.9616,4.1593
0.9617,4.15952
0.9617,4.15985
0.9618,4.15941
0.9619,4.16018
0.9619,4.15974
0.962,4.16052
0.9621,4.15974
0.9621,4.16085
0.9622,4.16029
0.9622,4.16118
0.9623,4.15985
0.9624,4.16184
0.9624,4.1604
0.9625,4.16129
0.9626,4.15941
0.9626,4.16184
0.9627,4.16129
0.9627,4.16129
0.9628,4.16151
0.9629,4.16184
0.9629,4.16195
0.963,4.16217
0.963,4.16328
0.9631,4.16184
0.9632,4.16262
0.9632,4.16317
0.9633,4.16306
0.9633,4.16317
0.9634,4.16339
0.9635,4.16206
0.9635,4.16228
0.9636,4.16372
0.9636,4.16361
0.9637,4.16372
0.9638,4.16361
0.9638,4.16416
0.9639,4.16361
0.9639,4.16449
0.964,4.16283
0.9641,4.16449
0.9641,4.16405
0.9642,4.16438
0.9643,4.16427
0.9643,4.16471
0.9644,4.16471
0.9644,4.16471
0.9645,4.16427
0.9645,4.16538
0.9646,4.16449
0.9647,4.16582
0.9647,4.16571
0.9648,4.16516
0.9648,4.16626
0.9649,4.16648
0.9649,4.16626
0.965,4.16526
0.9651,4.16515
0.9651,4.16515
0.9652,4.16526
0.9652,4.16537
0.9653,4.16582
0.9653,4.16659
0.9654,4.16681
0.9655,4.16648
0.9655,4.16648
0.9656,4.16692
0.9656,4.1667
0.9657,4.16703
0.9657,4.16526
0.9658,4.16581
0.9659,4.16559
0.9659,4.16692
0.966,4.16637
0.966,4.16592
0.9661,4.1657
0.9661,4.16725
0.9662,4.1667
0.9662,4.16714
0.9663,4.16548
0.9664,4.1678
0.9664,4.16625
0.9665,4.16747
0.9665,4.16747
0.9666,4.16658
0.9666,4.16681
0.9667,4.16636
0.9667,4.16769
0.9668,4.16758
0.9669,4.16791
0.9669,4.1678
0.967,4.1668
0.967,4.16758
0.9671,4.16758
0.9671,4.1678
0.9672,4.16824
0.9672,4.16791
0.9673,4.16824
0.9674,4.1678
0.9674,4.16802
0.9675,4.1679
0.9675,4.16702
0.9676,4.16746
0.9676,4.16724
0.9677,4.16801
0.9677,4.16679
0.9678,4.16923
0.9678,4.16679
0.9679,4.16723
0.9679,4.16712
0.968,4.16757
0.9681,4.16779
0.9681,4.16845
0.9682,4.16768
0.9682,4.16712
0.9683,4.16767
0.9683,4.16712
0.9684,4.16845
0.9684,4.16767
0.9685,4.16834
0.9685,4.16667
0.9686,4.16778
0.9686,4.16778
0.9687,4.16834
0.9687,4.16734
0.9688,4.16789
0.9688,4.16678
0.9689,4.16811
0.9689,4.16833
0.969,4.16733
0.969,4.16833
0.9691,4.16789
0.9691,4.16811
0.9692,4.16833
0.9692,4.16833
0.9693,4.16822
0.9693,4.16777
0.9694,4.16844
0.9694,4.168
0.9695,4.16755
0.9695,4.16755
0.9696,4.16855
0.9696,4.16766
0.9697,4.16855
0.9698,4.16811
0.9698,4.16866
0.9698,4.16832
0.9699,4.1681
0.9699,4.16888
0.97,4.16843
0.97,4.16877
0.9701,4.16843
0.9701,4.1681
0.9702,4.16788
0.9703,4.16821
0.9703,4.16832
0.9704,4.16876
0.9704,4.16832
0.9705,4.16821
0.9705,4.16854
0.9706,4.16876
0.9706,4.16965
0.9706,4.16876
0.9707,4.16998
0.9707,4.16898
0.9708,4.17042
0.9708,4.1702
0.9709,4.16876
0.9709,4.16898
0.971,4.16865
0.971,4.17009
0.9711,4.16898
0.9711,4.1692
0.9712,4.16975
0.9712,4.16953
0.9713,4.16986
0.9713,4.17064
0.9714,4.17064
0.9714,4.17042
0.9715,4.17086
0.9715,4.17086
0.9716,4.17141
0.9716,4.17009
0.9716,4.17086
0.9717,4.17097
0.9717,4.17086
0.9718,4.1713
0.9718,4.17141
0.9719,4.17119
0.9719,4.17119
0.972,4.17163
0.972,4.17219
0.9721,4.17175
0.9721,4.17119
0.9722,4.17152
0.9722,4.17263
0.9722,4.17152
0.9723,4.17296
0.9723,4.17296
0.9724,4.17252
0.9724,4.17296
0.9725,4.17285
0.9725,4.17296
0.9726,4.17252
0.9726,4.17263
0.9727,4.17307
0.9727,4.17318
0.9728,4.17484
0.9728,4.17296
0.9728,4.17307
0.9729,4.1734
0.9729,4.17362
0.973,4.17362
0.973,4.17495
0.9731,4.17484
0.9731,4.17362
0.9732,4.17495
0.9732,4.17373
0.9732,4.17484
0.9733,4.17417
0.9733,4.17373
0.9734,4.17484
0.9734,4.17406
0.9735,4.17528
0.9735,4.17406
0.9735,4.1745
0.9736,4.1755
0.9736,4.17417
0.9737,4.1755
0.9737,4.17373
0.9738,4.17517
0.9738,4.17528
0.9738,4.17572
0.9739,4.17517
0.9739,4.17583
0.974,4.17583
0.974,4.17561
0.9741,4.1755
0.9741,4.1755
0.9741,4.17583
0.9742,4.17572
0.9742,4.17594
0.9743,4.1755
0.9743,4.17572
0.9744,4.17461
0.9744,4.17461
0.9744,4.1755
0.9745,4.17561
0.9745,4.17483
0.9746,4.1766
0.9746,4.17627
0.9747,4.17605
0.9747,4.1756
0.9747,4.17494
0.9748,4.17527
0.9748,4.17649
0.9749,4.17616
0.9749,4.17483
0.9749,4.17704
0.975,4.17649
0.975,4.17616
0.9751,4.17671
0.9751,4.17649
0.9752,4.17605
0.9752,4.17682
0.9752,4.17593
0.9753,4.1766
0.9753,4.17627
0.9754,4.17704
0.9754,4.17682
0.9754,4.17671
0.9755,4.17693
0.9755,4.17593
0.9756,4.17726
0.9756,4.1766
0.9756,4.17759
0.9757,4.17704
0.9757,4.17693
0.9758,4.17737
0.9758,4.17737
0.9758,4.17715
0.9759,4.17726
0.9759,4.17715
0.976,4.17704
0.976,4.17659
0.976,4.17604
0.9761,4.17715
0.9761,4.17692
0.9762,4.17615
0.9762,4.17659
0.9762,4.1767
0.9763,4.17714
0.9763,4.17637
0.9764,4.17692
0.9764,4.17692
0.9764,4.1767
0.9765,4.17692
0.9765,4.17703
0.9766,4.17658
0.9766,4.17692
0.9766,4.17769
0.9767,4.17658
0.9767,4.17702
0.9767,4.17714
0.9768,4.17592
0.9768,4.17692
0.9769,4.17769
0.9769,4.1768
0.9769,4.17636
0.977,4.17614
0.977,4.17658
0.9771,4.17647
0.9771,4.17691
0.9771,4.17669
0.9772,4.17691
0.9772,4.17702
0.9773,4.1768
0.9773,4.17669
0.9773,4.17702
0.9774,4.17691
0.9774,4.17702
0.9774,4.17779
0.9775,4.17702
0.9775,4.17757
0.9775,4.17746
0.9776,4.17724
0.9776,4.17746
0.9777,4.17691
0.9777,4.17735
0.9777,4.17746
0.9778,4.17746
0.9778,4.17757
0.9778,4.17768
0.9779,4.17746
0.9779,4.17668
0.978,4.17735
0.978,4.1769
0.978,4.17735
0.9781,4.17657
0.9781,4.17768
0.9781,4.1779
0.9782,4.17768
0.9782,4.17834
0.9782,4.1779
0.9783,4.17657
0.9783,4.17823
0.9783,4.1779
0.9784,4.17823
0.9784,4.17734
0.9785,4.17745
0.9785,4.17801
0.9785,4.17834
0.9786,4.17823
0.9786,4.179
0.9786,4.178
0.9787,4.17856
0.9787,4.17778
0.9787,4.17878
0.9788,4.17834
0.9788,4.17723
0.9788,4.179
0.9789,4.179
0.9789,4.17867
0.9789,4.17867
0.979,4.17889
0.979,4.17812
0.979,4.17933
0.9791,4.17756
0.9791,4.17856
0.9792,4.17922
0.9792,4.179
0.9792,4.17922
0.9793,4.17988
0.9793,4.17933
0.9793,4.17944
0.9794,4.17911
0.9794,4.17933
0.9794,4.17955
0.9795,4.17944
0.9795,4.17966
0.9795,4.17944
0.9796,4.17999
0.9796,4.17944
0.9796,4.17955
0.9797,4.17977
0.9797,4.17999
0.9797,4.17988
0.9798,4.17977
0.9798,4.17999
0.9798,4.1801
0.9799,4.18021
0.9799,4.18043
0.9799,4.17977
0.98,4.18021
0.98,4.18054
0.98,4.18121
0.98,4.1811
0.9801,4.18032
0.9801,4.18143
0.9801,4.18021
0.9802,4.18065
0.9802,4.18209
0.9802,4.18198
0.9803,4.18154
0.9803,4.18109
0.9803,4.18132
0.9804,4.18154
0.9804,4.1812
0.9804,4.18176
0.9805,4.18209
0.9805,4.18198
0.9805,4.18209
0.9805,4.18242
0.9806,4.18198
0.9806,4.18165
0.9806,4.18176
0.9807,4.18209
0.9807,4.18076
0.9807,4.18275
0.9808,4.18176
0.9808,4.18209
0.9808,4.18253
0.9809,4.18209
0.9809,4.18253
0.9809,4.1822
0.981,4.18198
0.981,4.18264
0.981,4.18253
0.981,4.18286
0.9811,4.18275
0.9811,4.18286
0.9811,4.1822
0.9812,4.18253
0.9812,4.18253
0.9812,4.18242
0.9813,4.18264
0.9813,4.18286
0.9813,4.18308
0.9813,4.18275
0.9814,4.1833
0.9814,4.18286
0.9814,4.18419
0.9815,4.18452
0.9815,4.18375
0.9815,4.18397
0.9816,4.18264
0.9816,4.18341
0.9816,4.18419
0.9816,4.1833
0.9817,4.1833
0.9817,4.18397
0.9817,4.18408
0.9818,4.18474
0.9818,4.18463
0.9818,4.18474
0.9818,4.18352
0.9819,4.18319
0.9819,4.18441
0.9819,4.18474
0.982,4.18474
0.982,4.18308
0.982,4.18341
0.982,4.18452
0.9821,4.18474
0.9821,4.18308
0.9821,4.18485
0.9822,4.18452
0.9822,4.18452
0.9822,4.18452
0.9822,4.18352
0.9823,4.18551
0.9823,4.18474
0.9823,4.18507
0.9824,4.18485
0.9824,4.18385
0.9824,4.18407
0.9824,4.18485
0.9825,4.18507
0.9825,4.18485
0.9825,4.18385
0.9826,4.18452
0.9826,4.18352
0.9826,4.18474
0.9826,4.18374
0.9827,4.18385
0.9827,4.18385
0.9827,4.18507
0.9828,4.18496
0.9828,4.18496
0.9828,4.18529
0.9828,4.18474
0.9829,4.18573
0.9829,4.18418
0.9829,4.18507
0.983,4.18529
0.983,4.18507
0.983,4.18551
0.983,4.1844
0.9831,4.18507
0.9831,4.18507
0.9831,4.18518
0.9831,4.18529
0.9832,4.18518
0.9832,4.18529
0.9832,4.18485
0.9833,4.18529
0.9833,4.18496
0.9833,4.18507
0.9833,4.18573
0.9834,4.18551
0.9834,4.18551
0.9834,4.18595
0.9835,4.1854
0.9835,4.18584
0.9835,4.18584
0.9835,4.18518
0.9836,4.18573
0.9836,4.18573
0.9836,4.18573
0.9836,4.18595
0.9837,4.18573
0.9837,4.18562
0.9837,4.18606
0.9837,4.18562
0.9838,4.18518
0.9838,4.18617
0.9838,4.18595
0.9839,4.18495
0.9839,4.18506
0.9839,4.1855
0.9839,4.18506
0.984,4.18506
0.984,4.18528
0.984,4.18506
0.984,4.18528
0.9841,4.18517
0.9841,4.18517
0.9841,4.1855
0.9841,4.18572
0.9842,4.18528
0.9842,4.18572
0.9842,4.18561
0.9842,4.18583
0.9843,4.18572
0.9843,4.18517
0.9843,4.1855
0.9844,4.1855
0.9844,4.18561
0.9844,4.18583
0.9844,4.1855
0.9845,4.18561
0.9845,4.18627
0.9845,4.18572
0.9845,4.18561
0.9846,4.18539
0.9846,4.18572
0.9846,4.18594
0.9846,4.18638
0.9847,4.18527
0.9847,4.18594
0.9847,4.18494
0.9847,4.18516
0.9848,4.1855
0.9848,4.18605
0.9848,4.18605
0.9848,4.18627
0.9848,4.18682
0.9849,4.18483
0.9849,4.18594
0.9849,4.18593
0.9849,4.18582
0.985,4.1856
0.985,4.18527
0.985,4.18593
0.985,4.18549
0.9851,4.18571
0.9851,4.18549
0.9851,4.18582
0.9851,4.18549
0.9852,4.18659
0.9852,4.18538
0.9852,4.18582
0.9852,4.18615
0.9853,4.18549
0.9853,4.18604
0.9853,4.18604
0.9853,4.18549
0.9854,4.18549
0.9854,4.18549
0.9854,4.18582
0.9854,4.18593
0.9855,4.18626
0.9855,4.18582
0.9855,4.1856
0.9855,4.18626
0.9855,4.18615
0.9856,4.18571
0.9856,4.18681
0.9856,4.18626
0.9856,4.18582
0.9857,4.18593
0.9857,4.18637
0.9857,4.18615
0.9857,4.18626
0.9858,4.1867
0.9858,4.18626
0.9858,4.18659
0.9858,4.18615
0.9858,4.18626
0.9859,4.18604
0.9859,4.18648
0.9859,4.18604
0.9859,4.18637
0.986,4.18681
0.986,4.18659
0.986,4.18681
0.986,4.18692
0.986,4.18626
0.9861,4.18681
0.9861,4.18681
0.9861,4.18681
0.9861,4.18659
0.9862,4.18637
0.9862,4.18659
0.9862,4.18714
0.9862,4.18769
0.9862,4.1857
0.9863,4.1867
0.9863,4.18692
0.9863,4.18736
0.9863,4.18736
0.9864,4.18637
0.9864,4.18714
0.9864,4.18615
0.9864,4.18714
0.9864,4.18769
0.9865,4.18659
0.9865,4.18725
0.9865,4.18736
0.9865,4.18681
0.9866,4.18758
0.9866,4.18725
0.9866,4.18736
0.9866,4.18736
0.9866,4.18736
0.9867,4.1878
0.9867,4.1878
0.9867,4.18703
0.9867,4.18625
0.9867,4.18725
0.9868,4.18747
0.9868,4.18758
0.9868,4.18769
0.9868,4.18736
0.9868,4.18802
0.9869,4.1878
0.9869,4.18747
0.9869,4.18802
0.9869,4.18725
0.9869,4.18813
0.987,4.18791
0.987,4.18824
0.987,4.18736
0.987,4.1878
0.9871,4.1878
0.9871,4.18824
0.9871,4.18835
0.9871,4.18791
0.9871,4.18835
0.9872,4.18824
0.9872,4.18902
0.9872,4.18802
0.9872,4.18824
0.9872,4.18769
0.9873,4.18802
0.9873,4.1878
0.9873,4.18802
0.9873,4.18824
0.9873,4.18791
0.9874,4.18835
0.9874,4.18846
0.9874,4.18813
0.9874,4.18935
0.9874,4.18857
0.9875,4.18835
0.9875,4.18979
0.9875,4.18868
0.9875,4.18846
0.9875,4.18879
0.9876,4.18879
0.9876,4.18868
0.9876,4.18835
0.9876,4.18879
0.9876,4.1899
0.9876,4.1889
0.9877,4.18824
0.9877,4.18802
0.9877,4.18979
0.9877,4.18979
0.9877,4.18912
0.9878,4.18901
0.9878,4.18879
0.9878,4.18934
0.9878,4.18879
0.9878,4.19012
0.9879,4.19034
0.9879,4.18957
0.9879,4.18979
0.9879,4.18946
0.9879,4.19001
0.9879,4.1899
0.988,4.18979
0.988,4.18979
0.988,4.19078
0.988,4.18979
0.988,4.19012
0.9881,4.18968
0.9881,4.19034
0.9881,4.19023
0.9881,4.1899
0.9881,4.19023
0.9882,4.19134
0.9882,4.19045
0.9882,4.19045
0.9882,4.19001
0.9882,4.19034
0.9882,4.19034
0.9883,4.19089
0.9883,4.19034
0.9883,4.19067
0.9883,4.19089
0.9883,4.191
0.9883,4.19056
0.9884,4.19012
0.9884,4.19067
0.9884,4.19078
0.9884,4.19078
0.9885,4.19067
0.9885,4.19123
0.9885,4.19089
0.9885,4.191
1,4.2
